Genome length,Divisions,Fitness
1000000,6,0.9958337770146207
1000000,8,0.9926630315771922
1000000,10,0.9839396706234947
