Genome length,Divisions,Fitness
1000000,5,0.9992490948721088
1000000,10,0.9839396706234947
1000000,15,0.961183066074557
1000000,20,0.9548787090848545
1000000,25,0.8660652599758291
1000000,30,0.8834216524770068
1000000,35,0.7675829240001045
